mother_topic,appearance_count,topic_count,latest_seen_date,max_heat,series,category,current_level
晚年告别与身后安排,21,20,2026-09-22,100000,50岁以后,身后安排与告别,S
子女关系与家庭边界,20,19,2026-09-22,100000,50岁以后,代际关系与家庭边界,S
晚年伴侣与亲密边界,16,14,2026-09-21,100000,50岁以后,晚年婚姻与亲密关系,S
女人年龄与自我价值,15,15,2026-09-14,100000,50岁以后,女性年龄与自我认同,S
50岁后的健康管理,15,15,2026-09-22,100000,50岁以后,健康饮食与运动,S
晚年照护与居住选择,13,12,2026-09-21,100000,50岁以后,养老照护与居住,S
退休后的身份与第二曲线,11,11,2026-09-20,100000,50岁以后,退休适应与再就业,S
退休后的钱与保障,8,8,2026-09-20,96000,50岁以后,养老金与医保,A
熟龄人群的日常见闻,6,6,2026-09-20,100000,50岁以后,人情往来与情绪生活,S
退休后的兴趣与生活方式,5,5,2026-09-13,100000,50岁以后,旅游消费与兴趣,S
老年财务安全,4,4,2026-09-14,99000,50岁以后,财务安全与防骗,A
