source_file,date,format,status
921432_微信24h热文榜_20260901.csv,2026-09-01,csv,已归档
921432_微信24h热文榜_20260902.csv,2026-09-02,csv,已归档
921432_微信24h热文榜_20260903.csv,2026-09-03,csv,已归档
921432_微信24h热文榜_20260904.csv,2026-09-04,csv,已归档
921432_微信24h热文榜_20260905.csv,2026-09-05,csv,已归档
921432_微信24h热文榜_20260906.csv,2026-09-06,csv,已归档
921432_微信24h热文榜_20260907.csv,2026-09-07,csv,已归档
921432_微信24h热文榜_20260908.csv,2026-09-08,csv,已归档
921432_微信24h热文榜_20260909.csv,2026-09-09,csv,已归档
921432_微信24h热文榜_20260910.csv,2026-09-10,csv,已归档
921432_微信24h热文榜_20260912.csv,2026-09-12,csv,已归档
921432_微信24h热文榜_20260913.csv,2026-09-13,csv,已归档
921432_微信24h热文榜_20260914.csv,2026-09-14,csv,已归档
921432_微信24h热文榜_20260915.csv,2026-09-15,csv,已归档
921432_微信24h热文榜_20260920.xlsx,2026-09-20,xlsx,已归档
921432_微信24h热文榜_20260921.csv,2026-09-21,csv,已归档
921432_微信24h热文榜_20260921.xlsx,2026-09-21,xlsx,已归档
