标题,描述,其他,发布时间,链接,缩略图
当初马伊琍和文章在一起，好朋友激烈反对,,10.0万,"2026-09-12 14:00:08",https://mp.weixin.qq.com/s?__biz=MzYzMjc0MTUxNg==&mid=2247484657&idx=1&sn=03b87bb0cbf557f111f6da02346f1c1b#rd,http://mmbiz.qpic.cn/sz_mmbiz_jpg/gbD9txeD0nYD1BDsibL8fMn7zcQrp5Zx9MkibVMuazfCX3L6zwb0jorqS2VkjkfAvmhyWVXC6K67xGPibZaiamBUUxRicwMqu116Gkib7EFjZxg8Y/0?wx_fmt=jpeg
老王总是在证明自己还不老，反倒让大家只关注到你已经老了,,10.0万,"2026-09-12 14:00:08",https://mp.weixin.qq.com/s?__biz=Mzk3NTYyMTcwMg==&mid=2247486422&idx=1&sn=8b61d0ba028525bb64b5dda2787ed3a1#rd,http://mmbiz.qpic.cn/mmbiz_jpg/RcPrOHkt8vhfxVIjhB01icg3LiaKo6eULBEibNQk5CicjI70KVTn5VqOAYgLYh2g37b4fa6Tj1hZKF3nDoIRxIOZbem3VekWVX09VG2U2TPWsBk/0?wx_fmt=jpeg
"用水肺观世界 用自由潜观内心",,10.0万,"2026-09-12 14:00:08",https://mp.weixin.qq.com/s?__biz=MzE5MTIxOTEwMA==&mid=2247485941&idx=1&sn=af59eaebb499aa28b768f239bdb635c9#rd,http://mmbiz.qpic.cn/sz_mmbiz_jpg/Dll2JwwgZrXsphrONzXH9wiaYO8NOlfcyHoqxibxu3zNRwnhRNmKPJmVJk2AdRx95Vib56ZCdFJBzXKvcAD5qybS3NVz0Afz9UtgFyFzRZ8Nrg/0?wx_fmt=jpeg
陆毅一家四口出门游玩，颜值太高很难不注意,,10.0万,"2026-09-12 14:00:08",https://mp.weixin.qq.com/s?__biz=MzE5MTM1MTI5MQ==&mid=2247485325&idx=1&sn=afd18e57fb7444d9208bc9e2c97c389e#rd,https://mmbiz.qpic.cn/mmbiz_jpg/9wSobhpl8HMYpRzLjUQ5oGExKLqJ7sfSj0wku53H6FuP9UI7ibjQRQnszibfVzJWBWnhSdLbTLbkNRGIXPIocbXU1V6ibf9TEibp7AiacqzeQEug/0?wx_fmt=jpeg
这不太对吧，开到分岔口就迷路了，抬头就看到有一个指示牌，我怎…,,10.0万,"2026-09-12 14:00:08",https://mp.weixin.qq.com/s?__biz=MzYzNjgzMDc4Mw==&mid=2247486964&idx=1&sn=6e8213bb02bc1e3852373fa3a78cd0d0#rd,http://mmbiz.qpic.cn/mmbiz_jpg/EeVQo2xt7Q4esckia5Udowj9xKicTrMQ9Y6LyzBHVohmUpjtLRcHs5AQQvzC5xo7uMSXRlibjgWBA2rWF3QO0CRjaJiapI7qZa3ibQwu9Ngb1QoQ/0?wx_fmt=jpeg
命运真是不公，国安第一帅哥，眨眼间就废了,,10.0万,"2026-09-12 14:00:08",https://mp.weixin.qq.com/s?__biz=Mzg2NTYzMTA0OQ==&mid=2247494691&idx=1&sn=2d6ce083f5077d5576c26259ed3ec3bc#rd,http://mmbiz.qpic.cn/mmbiz_jpg/HXm6R9jxpApTdKy7vcs6VuvD9X7OwMfpehbic3ae99dAFWwQZibtkmTwTvJw5Tqj6ygkVbvtfvoOfVsiay6ZIVS0dxHYhNicZDosWicOSFwsVoLk/0?wx_fmt=jpeg
中央纪委国家监委的通报来了，孙绍骋违纪问,,10.0万,"2026-09-12 14:00:08",https://mp.weixin.qq.com/s?__biz=MzUzNzc3NzM1OQ==&mid=2247493152&idx=1&sn=724e72cc32e529584a8bb82d36e8cf27#rd,https://mmbiz.qpic.cn/sz_mmbiz_jpg/tYZPVKxKFsx2UM58YP31h8JS3MrQoMxlR4hZSDghwlcwlpuSUcSLooH0BWIaibSTgbQ3b7saRSqL5Psic7n7fWKibDiawRq0Qn0N7jIZ9RBC3Zc/0?wx_fmt=jpeg
这个尿片快爆炸了……,,10.0万,"2026-09-12 14:00:08",https://mp.weixin.qq.com/s?__biz=MzYzMTM3NDUzMg==&mid=2247487975&idx=1&sn=640de58d8f2e02995f91fc8826c0daf0#rd,http://mmbiz.qpic.cn/mmbiz_jpg/jEwzNFH7ZlFAwG5aGiaDCRdxtTiaPJZeDLm2ibzRsr56tXu7aAsPYR8RX1f9Dvb0LKS0yFpGTMVERibgVicMPNN3iarZqEovpqWACQMv1fpKhplpY/0?wx_fmt=jpeg
我敢说90%以上的人没见过？,,10.0万,"2026-09-12 14:00:08",https://mp.weixin.qq.com/s?__biz=MzcwNjM1OTAyOQ==&mid=2247485624&idx=1&sn=76790e93816c118a378f36c46f82bc7e#rd,http://mmbiz.qpic.cn/mmbiz_jpg/UQiaCNefYguHAkfD3u9PxVf5WnYWnq5GLGKVGa4xLPPL9EYrDR0m6ibGia6U9N4Aia6yZG20B9FM2L4TsKF0K1U8pSWrjzVLibO5gFAicly622Dqc/0?wx_fmt=jpeg
离谱！涉黄App竟冲上苹果免费榜第一,,10.0万,"2026-09-12 14:00:08",https://mp.weixin.qq.com/s?__biz=Mzg3OTIyMzc5Mg==&mid=2247506257&idx=1&sn=aa485e5e3e160c4791bc0aa86ecefa03#rd,https://mmbiz.qpic.cn/mmbiz_jpg/cP2O8jOHBndW4xAZYbyO0lwDReDCwmod7Fuso6NOChaV8bFicLO85New2MjYC3hbZg3WfrGv0BrlDA80A0NDK4Usp7Rvs7s1NFufU9nXibkZE/0?wx_fmt=jpeg
回头看看房价这条曲线，才懂成年人的无奈,,10.0万,"2026-09-12 14:00:08",https://mp.weixin.qq.com/s?__biz=MzY5NTAzMDI2Nw==&mid=2247484292&idx=1&sn=fd0164cf3ac6880f7e62959e4ed16c5d#rd,http://mmbiz.qpic.cn/sz_mmbiz_jpg/5LwZsY5iclowaYGumeBoOIOaiaMyDMpic8WrbblkQ9qwLianKVKhbOGIGEicoAzbkubZz7yJF63otxFhgEy2zcM6bIaEI3vqxpGNxKBzcPtGQT4U/0?wx_fmt=jpeg
这老板真会做生意啊,,9.0万,"2026-09-12 14:00:08",https://mp.weixin.qq.com/s?__biz=MzcwNTI0NDQyMQ==&mid=2247486565&idx=1&sn=99721d7d7db8eba59a1420876b7adb7d#rd,https://mmbiz.qpic.cn/mmbiz_jpg/L6wu6KgUjjQajC2ib9OILSDnnDZzYbB3DiaIv16ZuFJqwy9On4zFallkFe4ibXVlB8Aka4myVDQGEcTuDBjRhnByE7I21h6DCpabQlAvHmASjo/0?wx_fmt=jpeg
一只不知被啥咬了的可怜猫，遇到好心人救助,,8.4万,"2026-09-12 14:00:08",https://mp.weixin.qq.com/s?__biz=MzYyMTQyOTM4NA==&mid=2247498165&idx=1&sn=e252d8cf86c4c5489e5ef7f7e2ee64fc#rd,http://mmbiz.qpic.cn/mmbiz_jpg/WSvPeDtUkU8Rfiaib6URKTZQJiclZSu8d6GHWMlhZW5KgQNfa1da5wUvN9Bu0v6ibW2XQg7Tyu1ykE06TgsJvSst7txLWYcX8Ioj4Diblcje8Rr4/0?wx_fmt=jpeg
52岁周迅，也满头白发了，你我还焦虑啥？,,8.3万,"2026-09-12 14:00:08",https://mp.weixin.qq.com/s?__biz=Mzk1NzU3OTI5OQ==&mid=2247487201&idx=1&sn=56b67a71cb0540a6a504639b8e381b8d#rd,http://mmbiz.qpic.cn/sz_mmbiz_jpg/yw8FGTgjrfoRjcCZG4aKIao84a8SGEiclaoiaDhMmib1B2lNcrjXBRYkXNVOQzToHVtLtDhQIEFXHhFre8UqS2CdASVm9RPDrzQKFfLpINoB44/0?wx_fmt=jpeg
前一秒坐栏杆，拍照，比剪刀手，下一秒……,,8.2万,"2026-09-12 14:00:08",https://mp.weixin.qq.com/s?__biz=MzE5OTE2MDg2NQ==&mid=2247500210&idx=1&sn=e12b1d51afea7be700755c1ec0e230e1#rd,http://mmbiz.qpic.cn/mmbiz_jpg/shCGOjdSGYDhponeclMwzfqNqFyJqD9KJXGuL6a5oOdyicocNJC4qokk0Q2zdialP1tIjic3EQAPyjXrIicxuq6KV263zGq60ma5P55YoFYJbBw/0?wx_fmt=jpeg
“80后”首位将军！三夺“金头盔”的王牌飞行员蒋佳冀已晋升少将！！,,8.1万,"2026-09-12 14:00:08",https://mp.weixin.qq.com/s?__biz=MzcwODM3NjA3MQ==&mid=2247484227&idx=1&sn=00c97c6afd4748f5c62e52c2ce45cd06#rd,https://mmbiz.qpic.cn/mmbiz_jpg/HibXt6aTMo1Uqb4VBJUa6Mx0OgVBujsAdkc2KrXSeFIrJJa8JRJnDxzlDG4ZsdibfnQVUepiarGwQf58FHKibH6rZmgbZbN3GCWWxZAclgRYVia8/0?wx_fmt=jpeg
"69 岁张瑜走进公证处，签完字，将北京的四合院、上海的江景大平层，国外几处房产，连化工厂和金矿的收益，全公证给了外甥。",,8.1万,"2026-09-12 14:00:08",https://mp.weixin.qq.com/s?__biz=MzkzOTI3MjUxOQ==&mid=2247506942&idx=1&sn=e760dabd74cf4c1d678c269881199a52#rd,https://mmbiz.qpic.cn/mmbiz_jpg/VnwOz8XYCTYD2QlPJrquPqnGtWVPPKXDallfCqGgchas80bvQ7gdpe2kG7EBHoed7E2pqdmEVGPy2hn2Ps77ibIvEb0JfDzmia8hdUrBicdDqo/0?wx_fmt=jpeg
76岁王石狂秀肌肉，跟张丰毅却是两种状态,,7.9万,"2026-09-12 14:00:08",https://mp.weixin.qq.com/s?__biz=Mzk2NDMwMzY3Nw==&mid=2247485137&idx=1&sn=9c69cf64b6a06a2424e7250692d3fb5f#rd,https://mmbiz.qpic.cn/mmbiz_jpg/bm55ZdbqAzibd9NIb0MzlSVq9JcIFsDNaNwGQp2QMjok7RDbeGIKM5ib8xauvKALHp9KKEqcIWmQ6ZGkgOO0uia17pxibVEGiaOG5XzlhWOjicleQ/0?wx_fmt=jpeg
163中年老阿姨适合哪一款？,,7.7万,"2026-09-12 14:00:08",https://mp.weixin.qq.com/s?__biz=MzI4Mzc5MTc0Nw==&mid=2247491574&idx=1&sn=41a6a71a411d5ac0e3c12ff30b8d75d4#rd,http://mmbiz.qpic.cn/mmbiz_jpg/Wfz4nrwCUtsjhHD7HZO7iaeLTVV9buk2SnflQkkqk1YKCAbpFEHTfX9Zicd4xIU3EUJtkSqvGgjfmaoia3IibO2Pb3Ky10CKHkNeO7ticws0OlzI/0?wx_fmt=jpeg
这4种老人往往长寿，看看有你吗？,,7.2万,"2026-09-12 14:00:08",https://mp.weixin.qq.com/s?__biz=MzYzODM3MTIwNw==&mid=2247486829&idx=1&sn=3c29c10596e2e476bbe997b9163f1746#rd,http://mmbiz.qpic.cn/mmbiz_jpg/yhUibBDvnJFvvrFWzYnpdJicxMLIrtzbSbNaHhjZ7hjoGy9G8z9Lq0AuxtKJunCaXdcxF5AIQGqzSPfAZZiaopamULDq6rFGPXw71sVlUiaOQyc/0?wx_fmt=jpeg
9月11日，八月初一，早安！,,7.2万,"2026-09-12 14:00:08",https://mp.weixin.qq.com/s?__biz=MzcwNTAxMjYxOA==&mid=2247487263&idx=1&sn=1423fb3cf1f097d095a7ae6770b52ab2#rd,http://mmbiz.qpic.cn/mmbiz_jpg/tolX9TNpO64ZCv2ib3bTwJAKMGF4trgg1iaibeeu3ic1dxk4rdrtd8aKNcvWkqJBwGRwscKgyiaWfQFRDrYGMLRUic3o9lPM1YTL6Tb8EicicoEZriaI/0?wx_fmt=jpeg
"19 岁武警战士张豪：抓捕歹徒身中 13 弹 18 处枪伤！如今已是一名民警",,6.8万,"2026-09-12 14:00:08",https://mp.weixin.qq.com/s?__biz=MzkzOTUwODc3Mg==&mid=2247485604&idx=1&sn=e012ecf9ee53fe831c02735f8e5b6cee#rd,http://mmbiz.qpic.cn/mmbiz_jpg/4vJq7gSyjeia0Svia8rgj3RlemuVY1DxVkNCXghypK65NDI6rfGFXGWPZNY82s5QsCypcQiar2bM2xwXofxYiaYbyJiaRVGBQy56C71hiaauP0tFQ/0?wx_fmt=jpeg
葫芦爷爷的两难：摘是善意，挂回也是善意,,6.7万,"2026-09-12 14:00:08",https://mp.weixin.qq.com/s?__biz=MzkxNzY1MDI0NQ==&mid=2247488462&idx=1&sn=abfd9d94fd2237976aff6a35a1a2cba7#rd,http://mmbiz.qpic.cn/mmbiz_jpg/eFx3g4ySAmaqDsHcPY8DEQ00d37KicOqyU91KupZqeKktIOeGibzyPTqW2C2zLl0GKfMmxyOiagdypjuNI65GLRekwXOH6GdhfDEGlGg3tlYPk/0?wx_fmt=jpeg
一个开了21年的古董车,,6.6万,"2026-09-12 14:00:08",https://mp.weixin.qq.com/s?__biz=Mzg3NDU2NTI5OQ==&mid=2247487175&idx=1&sn=7f3716b3967e6910c62576566e589961#rd,http://mmbiz.qpic.cn/sz_mmbiz_jpg/VtU3yJBccl7NSBdufNfrTsPbV4HJFAMzNANL9GulNqPuiaYlYEnSuldEjV8QRXOV5Dz3hicGEU8D40EKyPoXOp0pbY7icaziaLVGRHsqQMG8RaE/0?wx_fmt=jpeg
赵晗心梗去世，仅40岁！凡事强求，万事皆休,,6.5万,"2026-09-12 14:00:08",https://mp.weixin.qq.com/s?__biz=MzIyMzIyMTkyNw==&mid=2651722608&idx=3&sn=d33b3597ea15b7c269a3daefcaed9cc7#rd,https://mmbiz.qpic.cn/sz_mmbiz_jpg/IUtuzmaIOc8QiaLiaKBUsc9DotrBFeogrZZPNhDaVanO4Z2Ap1XyWpial7bBOHERtEhDgqWcazlKtg8ksKiaGic86IQ/0?wx_fmt=jpeg
大厂凌晨又发工资了,,6.5万,"2026-09-12 14:00:08",https://mp.weixin.qq.com/s?__biz=MzU2MzY0MDMwNA==&mid=2247486625&idx=1&sn=998abbe2f28ff31d14eb00a40e0a82a3#rd,https://mmbiz.qpic.cn/sz_mmbiz_jpg/WMQOFl469lsKADWEAdkkHNYDAxJtPuXZPc16ajFlycuVPu6jibHdFa9lK9HETjOicVE1MoeEUF4SGicyk9AKrUO80qWbAa359QZS5NQxU81eY4/0?wx_fmt=jpeg
上海某事业单位编外人员工资待遇,,6.4万,"2026-09-12 14:00:08",https://mp.weixin.qq.com/s?__biz=MzkxODYzNDg1OQ==&mid=2247485921&idx=1&sn=a86c7549f5b64c60630190c249d96248#rd,https://mmbiz.qpic.cn/mmbiz_jpg/IOCke3X52Q3TiaCo3HTYP6Ziaic9m45cxP6UTXMfh09fxuPyh7piaQ2hicicnxcPBJv8nw1H8xTwgDVXVoROXyyop11DuC20RibNicLsTfGFozibP5jo/0?wx_fmt=jpeg
宇树科技大跌，高位套牢股民开骂,,6.4万,"2026-09-12 14:00:08",https://mp.weixin.qq.com/s?__biz=MzkyNTExMzcwNQ==&mid=2247487710&idx=1&sn=0bffd0e81739248820f9edeb2a555258#rd,https://mmbiz.qpic.cn/mmbiz_jpg/gBd1wGVMF6niaEhSmSOGg5Kt5uL3GBX1bvXgyg7qmJFkf7icnOMQn4SmZYUFlvMN8nDDfhXgDDGwjApQDSpCXFwT0MwIRbib5DxVJZibMicTI4ibs/0?wx_fmt=jpeg
万亿京东，负重向新：AI打开供应链产业跃迁之路,,6.3万,"2026-09-12 14:00:08",https://mp.weixin.qq.com/s?__biz=MzIyNDE2NjkzMQ==&mid=2650516107&idx=1&sn=656813f9f730b08720594cb12ffcb94c#rd,https://mmbiz.qpic.cn/mmbiz_jpg/weRbcTOEtpebJuY3KaSVXrdpXfUfjUJ7Diag3TQocqaHkN0AR7Ose1K5eA74vPq8EphOlKZud0NWv2ohXpc1VjIel0s6gictFFoYqsiaZV5Nt8/0?wx_fmt=jpeg
一名副高女教师退休后在家开展有偿补课，结局让很多老师想不到,,6.3万,"2026-09-12 14:00:08",https://mp.weixin.qq.com/s?__biz=MzYzMTA1Njk1MQ==&mid=2247485937&idx=1&sn=9abe0252dc09895533face1a637e8649#rd,https://mmbiz.qpic.cn/mmbiz_jpg/hAjCOg0WSAydWne0h3EjMo3xKomd3uYW6b6qlgZv0AFhlMQ27zmr92MQYY6IibE6SVuChYBa3JXUrc3fjiccKvvRYwt8dbz0krrLRk2fTApick/0?wx_fmt=jpeg
